series,integration_order_d,ADF_p_at_d,KPSS_p_at_d,recommended_transform
ICSA,0,1.0021729203105398e-06,0.1,none (level is I(0))
UNRATE,0,0.030918015375726304,0.1,none (level is I(0))
VIXCLS,0,0.005287944356495133,0.1,none (level is I(0))
DGS1,1,6.464477699046927e-05,0.1,first difference
DGS30,1,2.3456405854163698e-20,0.1,first difference
DGS3MO,1,0.0007464484367790407,0.1,first difference
DGS2,1,2.1987035567886574e-21,0.1,first difference
DCOILWTICO,1,2.1424048768736546e-29,0.1,first difference
HOUST,1,4.043475736790452e-28,0.1,first difference
INDPRO,1,1.8091596036706483e-27,0.0978005794886469,first difference
GDPC1,1,5.363310984161984e-06,0.1,first difference
FEDFUNDS,1,0.00027839855453822395,0.1,first difference
RSAFS,1,6.105118270798044e-06,0.06288556233271875,first difference
UMCSENT,1,2.3789916909886825e-22,0.1,first difference
DGS5,1,3.511319140406683e-30,0.1,first difference
DGS10,1,2.0247966224089496e-20,0.1,first difference
CPIAUCSL,2,1.3988513917387575e-14,0.1,second difference
CPILFESL,2,2.5509635144419562e-08,0.1,second difference
