observation_date,CPIAUCSL,CPILFESL,DCOILWTICO,DGS1,DGS10,DGS2,DGS30,DGS3MO,DGS5,FEDFUNDS,GDPC1,HOUST,ICSA,INDPRO,RSAFS,UMCSENT,UNRATE,VIXCLS
1992-01-01,138.3,145.1,18.93,4.23,7.31,5.11,7.77,3.94,6.44,4.03,10236.435,1176,439000.0,61.4616,159177,67.5,7.3,17.4
1992-02-01,138.6,145.4,18.69,4.35,7.27,5.27,7.8,4.03,6.58,4.06,10236.435,1250,442200.0,61.8955,159189,68.8,7.4,16.68
1992-03-01,139.1,145.9,19.49,4.54,7.54,5.6,7.96,4.15,6.94,3.98,10236.435,1297,429500.0,62.4232,158647,76.0,7.4,16.18
1992-04-01,139.4,146.3,20.88,4.4,7.61,5.46,8.06,3.79,6.91,3.73,10347.429,1099,418250.0,62.897,159921,77.2,7.4,15.53
1992-05-01,139.7,146.8,22.13,4.24,7.33,5.19,7.84,3.79,6.61,3.82,10347.429,1214,417400.0,63.104,160471,79.2,7.6,13.86
1992-06-01,140.1,147.1,21.84,4.05,7.14,4.83,7.79,3.65,6.29,3.76,10347.429,1145,418750.0,63.1363,161205,80.4,7.8,13.35
1992-07-01,140.5,147.6,21.83,3.62,6.72,4.42,7.46,3.25,5.84,3.25,10449.673,1139,442750.0,63.7176,162855,76.6,7.7,13.17
1992-08-01,140.8,147.9,21.46,3.47,6.62,4.15,7.42,3.23,5.6,3.3,10449.673,1226,407200.0,63.3613,162412,76.1,7.6,13.58
1992-09-01,141.1,148.1,21.83,3.06,6.37,3.8,7.38,2.75,5.33,3.22,10449.673,1186,417000.0,63.5703,164361,75.6,7.6,14.28
1992-10-01,141.7,148.8,20.68,3.54,6.8,4.4,7.63,3.03,5.9,3.1,10558.648,1244,377800.0,63.9995,166063,73.3,7.3,16.15
1992-11-01,142.1,149.2,19.91,3.83,6.95,4.79,7.59,3.38,6.23,3.09,10558.648,1214,362250.0,64.2422,166124,85.3,7.4,13.01
1992-12-01,142.3,149.6,19.49,3.61,6.7,4.56,7.4,3.15,6.04,2.92,10558.648,1227,339000.0,64.3507,167691,91.0,7.4,12.57
1993-01-01,142.8,150.1,20.27,3.39,6.39,4.2,7.21,2.96,5.57,3.02,10576.275,1210,345600.0,64.5978,169500,89.3,7.3,12.42
1993-02-01,143.1,150.6,20.53,3.32,6.03,3.92,6.9,3.01,5.21,3.03,10576.275,1210,338250.0,64.9089,168840,86.6,7.1,13.16
1993-03-01,143.3,150.8,20.44,3.32,6.03,3.96,6.93,2.95,5.24,3.07,10576.275,1083,351000.0,64.8522,167682,85.9,7.0,12.53
1993-04-01,143.8,151.4,20.54,3.26,6.05,3.83,6.95,2.97,5.14,2.96,10637.847,1258,354750.0,65.0301,172102,85.6,7.1,12.42
1993-05-01,144.2,151.8,20.04,3.62,6.16,4.24,6.98,3.13,5.37,3.0,10637.847,1260,343600.0,64.784,172960,80.3,7.1,13.47
1993-06-01,144.3,152.1,18.82,3.45,5.8,4.03,6.68,3.1,5.05,3.04,10637.847,1280,342750.0,64.9301,173018,81.5,7.0,11.26
1993-07-01,144.5,152.3,17.94,3.53,5.83,4.13,6.57,3.1,5.16,3.06,10688.606,1254,350800.0,65.1052,175822,77.0,6.9,11.73
1993-08-01,144.8,152.8,18.24,3.38,5.45,3.88,6.09,3.08,4.8,3.03,10688.606,1300,341000.0,65.0267,175233,77.3,6.8,11.85
1993-09-01,145.0,152.9,18.72,3.39,5.4,3.89,6.04,2.98,4.79,3.09,10688.606,1343,339000.0,65.3717,176608,77.9,6.7,12.99
1993-10-01,145.6,153.4,16.97,3.47,5.43,3.99,5.96,3.1,4.83,2.99,10833.987,1392,349800.0,65.8509,177588,82.7,6.8,11.46
1993-11-01,146.0,153.9,15.36,3.65,5.83,4.22,6.29,3.21,5.15,3.02,10833.987,1376,341000.0,66.1518,179758,81.2,6.6,13.76
1993-12-01,146.3,154.3,14.19,3.63,5.83,4.25,6.35,3.07,5.21,2.96,10833.987,1533,323000.0,66.5436,181077,88.2,6.5,11.66
1994-01-01,146.3,154.5,15.24,3.53,5.7,4.12,6.23,3.05,5.02,3.05,10939.116,1272,359200.0,66.7351,179615,94.3,6.6,10.63
1994-02-01,146.7,154.8,14.5,4.03,6.15,4.67,6.67,3.47,5.6,3.25,10939.116,1337,348500.0,66.774,183101,93.2,6.6,14.87
1994-03-01,147.1,155.3,14.78,4.5,6.77,5.21,7.11,3.56,6.23,3.34,10939.116,1564,335750.0,67.4552,186721,91.5,6.5,20.45
1994-04-01,147.2,155.5,16.92,5.07,7.06,5.73,7.31,3.97,6.64,3.56,11087.361,1465,344000.0,67.8541,186423,92.6,6.4,13.77
1994-05-01,147.5,155.9,18.3,5.38,7.17,6.01,7.44,4.31,6.77,4.01,11087.361,1526,359000.0,68.1663,185616,92.8,6.1,13.03
1994-06-01,147.9,156.4,19.37,5.51,7.34,6.19,7.63,4.26,6.97,4.25,11087.361,1409,340000.0,68.6265,187800,91.2,6.1,14.97
1994-07-01,148.4,156.7,20.3,5.37,7.12,5.99,7.39,4.39,6.73,4.26,11152.176,1439,342200.0,68.7178,188062,89.0,6.1,11.13
1994-08-01,149.0,157.1,17.6,5.56,7.19,6.17,7.46,4.68,6.81,4.47,11152.176,1450,336250.0,69.1785,190771,91.7,6.0,11.97
1994-09-01,149.3,157.5,18.36,5.96,7.62,6.62,7.82,4.8,7.28,4.73,11152.176,1474,330250.0,69.3961,192585,91.5,5.9,14.28
1994-10-01,149.4,157.8,18.16,6.18,7.81,6.84,7.97,5.2,7.48,4.76,11279.932,1450,333400.0,69.9544,193914,92.7,5.8,14.56
1994-11-01,149.8,158.2,18.06,6.91,7.91,7.4,7.99,5.72,7.79,5.29,11279.932,1511,328000.0,70.4326,194425,91.6,5.6,15.95
1994-12-01,150.1,158.3,17.77,7.2,7.84,7.69,7.89,5.68,7.83,5.45,11279.932,1455,323200.0,71.1523,194939,95.1,5.5,13.2
1995-01-01,150.5,159.0,18.48,6.84,7.6,7.26,7.71,6.0,7.54,5.53,11319.951,1407,333500.0,71.2734,195908,97.6,5.6,11.96
1995-02-01,150.9,159.4,18.52,6.44,7.22,6.79,7.46,5.94,7.06,5.92,11319.951,1316,337750.0,71.193,193068,95.1,5.4,11.75
1995-03-01,151.2,159.9,19.18,6.49,7.2,6.8,7.44,5.88,7.08,5.98,11319.951,1249,340250.0,71.3113,195179,90.3,5.4,13.37
1995-04-01,151.8,160.4,20.36,6.32,7.07,6.6,7.34,5.87,6.88,6.05,11353.721,1267,350200.0,71.1882,195310,92.5,5.8,11.75
1995-05-01,152.1,160.7,18.88,5.8,6.3,5.89,6.67,5.81,6.08,6.01,11353.721,1314,370250.0,71.5378,198060,89.8,5.6,12.85
1995-06-01,152.4,161.1,17.38,5.65,6.21,5.79,6.63,5.6,5.98,6.0,11353.721,1281,366250.0,71.7749,200383,92.7,5.6,11.38
1995-07-01,152.6,161.4,17.62,5.67,6.45,5.88,6.86,5.6,6.16,5.85,11450.31,1461,371400.0,71.4748,199110,94.4,5.7,13.49
1995-08-01,152.9,161.8,17.89,5.65,6.28,5.85,6.65,5.45,6.07,5.74,11450.31,1416,356250.0,72.4223,201078,96.2,5.7,11.52
1995-09-01,153.1,162.2,17.54,5.65,6.17,5.83,6.49,5.4,6.01,5.8,11450.31,1369,362000.0,72.7144,201337,88.9,5.6,12.74
1995-10-01,153.5,162.7,17.67,5.55,6.03,5.61,6.34,5.48,5.81,5.76,11528.067,1369,371500.0,72.5866,200597,90.2,5.5,13.83
1995-11-01,153.7,163.0,18.27,5.36,5.76,5.36,6.14,5.48,5.53,5.8,11528.067,1452,377000.0,72.7779,203545,88.2,5.6,11.58
1995-12-01,153.9,163.1,19.54,5.18,5.58,5.18,5.96,5.1,5.38,5.6,11528.067,1431,365000.0,73.0305,204032,91.0,5.6,12.52
1996-01-01,154.7,163.7,17.76,4.9,5.6,4.93,6.03,5.05,5.25,5.56,11614.418,1467,374000.0,72.6125,203793,89.3,5.6,12.53
1996-02-01,155.0,164.0,19.59,5.23,6.13,5.44,6.48,5.02,5.73,5.22,11614.418,1491,377250.0,73.6752,206875,88.5,5.5,17.04
1996-03-01,155.5,164.4,21.43,5.41,6.34,5.79,6.67,5.13,6.1,5.31,11614.418,1424,386400.0,73.585,207650,93.7,5.5,18.88
1996-04-01,156.1,164.6,20.95,5.62,6.66,6.03,6.89,5.14,6.4,5.22,11808.14,1516,359250.0,74.3172,209294,92.7,5.6,15.83
1996-05-01,156.4,165.0,19.77,5.77,6.85,6.27,7.0,5.18,6.64,5.24,11808.14,1504,344500.0,74.8726,211157,89.4,5.6,16.07
1996-06-01,156.7,165.4,20.92,5.7,6.73,6.11,6.9,5.18,6.47,5.27,11808.14,1467,342200.0,75.4433,209474,92.4,5.3,13.68
1996-07-01,157.0,165.7,20.46,5.85,6.8,6.22,6.98,5.32,6.57,5.4,11914.063,1472,337000.0,75.4549,210827,94.7,5.5,19.46
1996-08-01,157.2,166.0,22.25,5.91,6.96,6.34,7.13,5.29,6.73,5.22,11914.063,1557,331800.0,75.8411,210846,95.3,5.1,17.01
1996-09-01,157.7,166.5,24.2,5.71,6.72,6.1,6.93,5.14,6.46,5.3,11914.063,1475,342750.0,76.3158,213233,94.7,5.2,16.95
1996-10-01,158.2,166.8,23.25,5.44,6.37,5.77,6.66,5.17,6.1,5.24,12037.775,1392,339000.0,76.3384,215526,96.5,5.2,18.11
1996-11-01,158.7,167.2,23.7,5.38,6.06,5.59,6.36,5.13,5.84,5.31,12037.775,1489,336400.0,77.0397,215167,99.2,5.4,17.14
1996-12-01,159.1,167.4,25.9,5.51,6.43,5.88,6.65,5.21,6.21,5.29,12037.775,1370,353500.0,77.5333,215690,96.9,5.4,20.92
1997-01-01,159.4,167.8,24.15,5.58,6.53,5.94,6.8,5.15,6.26,5.25,12115.472,1355,339000.0,77.6562,218124,97.4,5.3,19.47
1997-02-01,159.7,168.1,20.3,5.67,6.56,6.09,6.8,5.22,6.39,5.19,12115.472,1486,320750.0,78.5833,219587,99.7,5.2,21.1
1997-03-01,159.8,168.4,20.35,6.02,6.92,6.45,7.1,5.35,6.77,5.39,12115.472,1457,319400.0,79.082,221189,100.0,5.2,22.14
1997-04-01,159.9,168.9,20.2,5.9,6.72,6.29,6.95,5.28,6.57,5.51,12317.221,1492,327000.0,79.1747,217925,101.4,5.1,20.06
1997-05-01,159.9,169.2,21.0,5.78,6.67,6.22,6.92,4.96,6.51,5.5,12317.221,1442,323800.0,79.6133,217771,103.2,4.9,19.19
1997-06-01,160.2,169.4,19.82,5.67,6.51,6.08,6.8,5.25,6.4,5.56,12317.221,1494,325500.0,79.9792,220233,104.5,5.0,21.53
1997-07-01,160.4,169.7,20.19,5.45,6.02,5.74,6.3,5.25,5.9,5.52,12471.01,1437,320250.0,80.6624,222985,107.1,4.9,21.48
1997-08-01,160.8,169.8,19.66,5.59,6.34,5.97,6.61,5.24,6.22,5.54,12471.01,1390,330200.0,81.4694,223120,104.4,4.8,24.76
1997-09-01,161.2,170.2,21.13,5.47,6.12,5.8,6.41,5.06,6.0,5.54,12471.01,1546,315250.0,82.2156,224509,106.0,4.9,22.91
1997-10-01,161.5,170.6,21.1,5.36,5.84,5.63,6.15,5.21,5.72,5.5,12577.495,1520,310000.0,82.9446,224300,105.6,4.7,35.09
1997-11-01,161.7,170.8,19.13,5.52,5.86,5.76,6.04,5.22,5.83,5.52,12577.495,1510,314600.0,83.5978,223718,107.2,4.6,27.43
1997-12-01,161.8,171.2,17.65,5.51,5.75,5.66,5.93,5.36,5.71,5.5,12577.495,1566,313250.0,83.9538,225236,102.1,4.7,24.01
1998-01-01,162.0,171.6,17.21,5.24,5.53,5.32,5.82,5.19,5.39,5.56,12703.742,1525,321200.0,84.3218,225954,106.6,4.6,21.47
1998-02-01,162.0,171.9,15.44,5.41,5.62,5.55,5.92,5.32,5.59,5.51,12703.742,1584,319000.0,84.4583,225746,110.4,4.6,18.55
1998-03-01,162.0,172.2,15.75,5.41,5.67,5.6,5.94,5.16,5.64,5.49,12703.742,1567,315000.0,84.488,226889,106.5,4.7,24.22
1998-04-01,162.2,172.5,15.56,5.4,5.68,5.59,5.95,5.0,5.65,5.45,12821.339,1540,311000.0,84.7779,230409,108.7,4.3,21.18
1998-05-01,162.6,172.9,15.21,5.42,5.56,5.53,5.81,5.03,5.56,5.49,12821.339,1536,311200.0,85.3367,230995,106.5,4.4,21.32
1998-06-01,162.8,173.2,14.3,5.38,5.44,5.49,5.62,5.1,5.47,5.56,12821.339,1641,338000.0,84.8248,233207,105.6,4.5,19.71
1998-07-01,163.2,173.5,14.27,5.38,5.5,5.49,5.72,5.1,5.52,5.54,12982.752,1698,333000.0,84.4986,231551,105.2,4.5,24.8
1998-08-01,163.4,174.0,13.29,4.95,5.05,4.91,5.3,4.96,4.91,5.55,12982.752,1614,312600.0,86.248,229792,104.4,4.5,44.28
1998-09-01,163.5,174.2,16.19,4.41,4.44,4.3,4.98,4.37,4.23,5.51,12982.752,1582,304000.0,86.2021,232308,100.9,4.6,40.95
1998-10-01,163.9,174.4,14.48,4.18,4.64,4.12,5.15,4.33,4.24,5.07,13191.67,1715,310600.0,86.7914,236174,97.4,4.5,28.05
1998-11-01,164.1,174.8,11.37,4.53,4.74,4.54,5.08,4.57,4.51,4.83,13191.67,1660,316000.0,86.7256,237592,102.7,4.4,26.01
1998-12-01,164.4,175.4,12.14,4.53,4.65,4.54,5.09,4.48,4.56,4.68,13191.67,1792,316000.0,87.1185,240140,100.5,4.4,24.42
1999-01-01,164.7,175.6,12.81,4.51,4.66,4.58,5.09,4.48,4.55,4.63,13315.597,1748,326200.0,87.4949,240269,103.9,4.3,26.25
1999-02-01,164.7,175.6,12.31,4.88,5.29,5.13,5.57,4.66,5.21,4.76,13315.597,1670,301500.0,88.027,243346,108.1,4.4,27.88
1999-03-01,164.8,175.7,16.66,4.72,5.25,4.99,5.63,4.49,5.12,4.81,13315.597,1710,302750.0,88.2267,244687,105.7,4.2,23.26
1999-04-01,165.9,176.3,18.69,4.78,5.36,5.08,5.68,4.55,5.24,4.74,13426.748,1553,308500.0,88.4295,246628,104.6,4.3,25.07
1999-05-01,166.0,176.5,16.85,4.97,5.64,5.42,5.84,4.66,5.6,4.74,13426.748,1611,301600.0,88.9886,248367,106.8,4.2,25.39
1999-06-01,166.0,176.6,19.33,5.07,5.81,5.53,5.98,4.78,5.67,4.76,13426.748,1559,294000.0,88.9188,249329,107.3,4.3,21.09
1999-07-01,166.7,177.1,20.52,5.13,5.92,5.63,6.11,4.75,5.82,4.99,13604.771,1669,298000.0,89.4333,251263,106.0,4.3,24.64
1999-08-01,167.1,177.3,22.15,5.3,5.98,5.73,6.07,4.98,5.88,5.07,13604.771,1648,290750.0,89.7924,253844,104.5,4.2,24.45
1999-09-01,167.8,177.8,24.54,5.22,5.9,5.63,6.06,4.88,5.78,5.22,13604.771,1635,289500.0,89.4299,255029,107.2,4.2,25.41
1999-10-01,168.1,178.1,21.79,5.43,6.02,5.79,6.16,5.12,5.97,5.2,13827.98,1608,290400.0,90.523,254816,103.2,4.1,22.2
1999-11-01,168.4,178.4,24.87,5.7,6.18,6.01,6.29,5.3,6.11,5.42,13827.98,1648,281750.0,90.9618,258133,107.2,4.1,24.18
1999-12-01,168.8,178.7,25.76,5.98,6.45,6.24,6.48,5.33,6.36,5.3,13827.98,1708,278500.0,91.6634,263311,105.4,4.0,24.64
2000-01-01,169.3,179.3,27.65,6.3,6.68,6.61,6.49,5.76,6.71,5.45,13878.147,1636,288400.0,91.538,261545,112.0,4.0,24.95
2000-02-01,170.0,179.4,30.57,6.2,6.42,6.53,6.15,5.78,6.61,5.73,13878.147,1737,293750.0,91.8239,265686,111.3,4.1,23.37
2000-03-01,171.0,180.0,26.86,6.28,6.03,6.5,5.84,5.88,6.32,5.85,13878.147,1604,274750.0,92.1504,269019,107.1,4.0,24.11
2000-04-01,170.9,180.3,25.71,6.24,6.23,6.68,5.97,5.82,6.56,6.02,14130.908,1626,271600.0,92.6989,264067,109.2,3.8,26.2
2000-05-01,171.2,180.7,29.03,6.37,6.29,6.69,6.02,5.63,6.54,6.27,14130.908,1575,282250.0,92.9499,265992,110.7,4.0,23.65
2000-06-01,172.2,181.1,32.44,6.08,6.03,6.38,5.9,5.88,6.18,6.53,14130.908,1559,291000.0,92.9862,267750,106.4,4.0,19.54
2000-07-01,172.7,181.5,27.5,6.07,6.04,6.3,5.79,6.27,6.16,6.54,14145.312,1463,295000.0,92.8048,265683,108.3,4.0,20.74
2000-08-01,172.7,181.9,33.09,6.22,5.73,6.18,5.67,6.31,5.98,6.5,14145.312,1541,312750.0,92.5521,266885,107.3,4.1,16.84
2000-09-01,173.6,182.3,30.87,6.07,5.8,5.98,5.88,6.23,5.85,6.52,14145.312,1507,300200.0,92.9792,270523,106.8,3.9,20.57
2000-10-01,173.9,182.6,32.7,6.12,5.77,5.94,5.79,6.38,5.83,6.51,14229.765,1549,301000.0,92.6179,270339,105.8,3.9,23.63
2000-11-01,174.2,183.1,33.61,5.92,5.48,5.61,5.6,6.21,5.42,6.51,14229.765,1551,334250.0,92.6438,268850,107.6,3.9,29.65
2000-12-01,174.6,183.3,26.72,5.32,5.12,5.11,5.46,5.89,4.99,6.4,14229.765,1532,346000.0,92.3415,268338,98.4,3.9,26.85
2001-01-01,175.6,183.9,28.62,4.6,5.19,4.62,5.54,4.99,4.85,5.98,14183.12,1600,340000.0,91.902,272881,94.7,4.2,22.02
2001-02-01,176.0,184.4,27.35,4.47,4.92,4.41,5.34,4.85,4.7,5.49,14183.12,1625,371250.0,91.3034,272627,90.6,4.2,28.35
2001-03-01,176.1,184.7,26.37,4.09,4.93,4.18,5.46,4.3,4.62,5.31,14183.12,1590,387200.0,91.1162,269820,91.5,4.3,28.64
2001-04-01,176.4,185.1,28.48,3.94,5.35,4.3,5.78,3.95,4.97,4.8,14271.694,1649,396750.0,90.7891,274410,88.4,4.4,25.48
2001-05-01,177.3,185.3,28.39,3.63,5.43,4.22,5.78,3.63,4.94,4.21,14271.694,1605,394500.0,90.3555,275769,92.0,4.3,22.64
2001-06-01,177.7,186.0,26.37,3.72,5.42,4.25,5.75,3.65,4.97,3.97,14271.694,1636,397200.0,89.8784,274474,92.6,4.5,19.06
2001-07-01,177.4,186.4,26.7,3.53,5.07,3.79,5.51,3.54,4.57,3.77,14214.516,1670,398000.0,89.3028,273098,92.4,4.6,21.62
2001-08-01,177.4,186.7,26.65,3.41,4.85,3.64,5.39,3.37,4.46,3.65,14214.516,1567,398000.0,89.2003,275659,91.5,4.9,24.92
2001-09-01,178.1,187.1,23.44,2.49,4.6,2.86,5.42,2.4,3.93,3.07,14214.516,1562,435000.0,88.7485,268652,81.8,5.0,31.93
2001-10-01,177.6,187.4,21.2,2.07,4.3,2.44,4.89,2.05,3.66,2.49,14253.574,1540,480750.0,88.5052,288632,82.7,5.3,33.56
2001-11-01,177.5,188.1,19.46,2.06,4.78,2.84,5.27,1.78,4.08,2.09,14253.574,1602,447500.0,87.97,280033,83.9,5.5,23.84
2001-12-01,177.4,188.4,19.96,2.17,5.07,3.07,5.48,1.74,4.38,1.82,14253.574,1568,416800.0,87.9324,276302,88.8,5.7,23.8
2002-01-01,177.7,188.7,19.71,2.29,5.07,3.16,5.44,1.76,4.42,1.73,14372.785,1698,408500.0,88.5176,277135,93.0,5.7,21.09
2002-02-01,178.0,189.1,21.78,2.25,4.88,3.06,5.54,1.79,4.27,1.74,14372.785,1829,399000.0,88.5278,278869,90.7,5.7,21.59
2002-03-01,178.5,189.2,26.21,2.7,5.42,3.72,5.91,1.79,4.91,1.73,14372.785,1642,415400.0,89.1686,278079,95.7,5.7,17.4
2002-04-01,179.3,189.7,27.32,2.35,5.11,3.24,5.72,1.77,4.53,1.75,14460.848,1592,429250.0,89.604,281147,93.0,5.9,21.91
2002-05-01,179.5,190.0,25.37,2.34,5.08,3.22,5.75,1.74,4.37,1.75,14460.848,1764,409000.0,89.964,278966,96.9,5.8,19.98
2002-06-01,179.6,190.2,26.79,2.06,4.86,2.9,5.7,1.7,4.09,1.75,14460.848,1717,387200.0,90.7061,280426,92.4,5.8,25.4
2002-07-01,180.0,190.5,27.02,1.8,4.51,2.23,5.51,1.71,3.53,1.73,14519.633,1655,386000.0,90.6769,284161,88.1,5.8,32.03
2002-08-01,180.5,191.1,28.97,1.74,4.14,2.14,5.11,1.69,3.22,1.74,14519.633,1633,393600.0,90.5762,285884,87.6,5.7,32.64
2002-09-01,180.8,191.3,30.59,1.53,3.63,1.72,4.88,1.57,2.63,1.75,14519.633,1804,409500.0,90.6531,281064,86.1,5.7,39.69
2002-10-01,181.2,191.5,27.18,1.46,3.93,1.68,5.28,1.44,2.81,1.75,14537.58,1648,407500.0,90.4643,282940,80.6,5.7,31.14
2002-11-01,181.5,191.9,26.87,1.56,4.22,2.08,5.23,1.22,3.28,1.34,14537.58,1753,392200.0,90.9711,283408,84.2,5.9,27.5
2002-12-01,181.8,192.1,31.21,1.32,3.83,1.61,5.03,1.22,2.78,1.24,14537.58,1788,414250.0,90.4652,286646,86.7,6.0,28.62
2003-01-01,182.6,192.4,33.51,1.31,4.0,1.72,5.03,1.18,3.02,1.24,14614.141,1853,395000.0,91.2361,288657,82.4,5.8,31.17
2003-02-01,183.6,192.5,36.76,1.24,3.71,1.53,4.9,1.2,2.69,1.26,14614.141,1629,411000.0,91.3445,284696,79.9,5.9,29.63
2003-03-01,183.9,192.5,31.14,1.19,3.83,1.51,5.07,1.14,2.78,1.25,14614.141,1726,427400.0,91.1044,288177,77.6,5.9,29.15
2003-04-01,183.2,192.5,26.09,1.22,3.89,1.51,5.0,1.13,2.85,1.26,14743.567,1643,436250.0,90.5617,289053,86.0,6.0,21.21
2003-05-01,182.9,192.9,29.56,1.13,3.37,1.33,4.59,1.11,2.3,1.26,14743.567,1751,424000.0,90.537,289619,92.1,6.1,19.47
2003-06-01,183.1,193.0,30.15,1.09,3.54,1.32,4.81,0.9,2.46,1.22,14743.567,1867,421750.0,90.6527,293671,89.7,6.3,19.52
2003-07-01,183.7,193.4,30.56,1.28,4.49,1.8,5.56,0.96,3.38,1.01,14988.782,1897,411500.0,91.1185,296207,90.9,6.2,19.49
2003-08-01,184.5,193.6,31.76,1.35,4.45,1.95,5.3,0.98,3.46,1.03,14988.782,1833,400200.0,90.9197,299592,89.3,6.1,18.63
2003-09-01,185.1,193.7,29.19,1.15,3.96,1.5,5.07,0.95,2.85,1.01,14988.782,1939,395500.0,91.5059,298921,87.7,6.1,22.72
2003-10-01,184.9,194.0,29.24,1.31,4.33,1.85,5.28,0.96,3.27,1.01,15162.76,1967,382000.0,91.6186,298205,89.6,6.0,16.1
2003-11-01,185.0,194.0,30.33,1.39,4.34,2.06,5.23,0.93,3.38,1.0,15162.76,2083,363000.0,92.2329,299433,93.7,5.8,16.32
2003-12-01,185.5,194.2,32.51,1.26,4.27,1.84,5.23,0.95,3.25,0.98,15162.76,2057,358250.0,92.2602,300702,92.6,5.7,18.31
2004-01-01,186.3,194.6,33.16,1.28,4.16,1.84,5.11,0.92,3.17,1.0,15248.68,1911,360200.0,92.4006,301993,103.8,5.7,16.63
2004-02-01,186.7,194.9,36.08,1.21,3.99,1.66,5.01,0.96,3.01,1.01,15248.68,1846,360750.0,92.958,303915,94.4,5.6,14.55
2004-03-01,187.1,195.5,35.75,1.2,3.86,1.6,4.93,0.95,2.8,1.0,15248.68,1998,342000.0,92.5861,309471,95.8,5.8,16.74
2004-04-01,187.4,195.9,37.31,1.55,4.53,2.31,5.39,0.98,3.63,1.0,15366.85,2003,348250.0,92.93,307358,94.2,5.6,17.19
2004-05-01,188.2,196.2,39.9,1.83,4.66,2.54,5.42,1.08,3.81,1.0,15366.85,1981,336200.0,93.6013,311088,90.2,5.6,15.5
2004-06-01,188.9,196.6,36.92,2.09,4.62,2.7,5.41,1.33,3.81,1.03,15366.85,1828,349000.0,92.871,309127,95.6,5.6,14.34
2004-07-01,189.1,196.8,43.72,2.13,4.5,2.68,5.31,1.45,3.71,1.26,15512.619,2002,343000.0,93.5649,311681,96.7,5.5,15.32
2004-08-01,189.2,196.9,42.23,1.99,4.13,2.41,5.01,1.59,3.33,1.43,15512.619,2024,340750.0,93.6277,311192,95.9,5.4,15.29
2004-09-01,189.8,197.5,49.56,2.21,4.14,2.63,4.97,1.71,3.38,1.61,15512.619,1905,337250.0,93.7467,317446,94.2,5.4,13.34
2004-10-01,190.8,197.9,51.78,2.28,4.05,2.56,4.87,1.91,3.3,1.76,15670.88,2072,334000.0,94.5465,318476,91.7,5.5,16.27
2004-11-01,191.7,198.3,49.16,2.63,4.36,3.02,5.07,2.23,3.72,1.93,15670.88,1782,328750.0,94.7813,320520,92.8,5.4,13.24
2004-12-01,191.7,198.6,43.36,2.75,4.24,3.08,4.86,2.22,3.63,2.16,15670.88,2042,325250.0,95.5365,324672,97.1,5.4,13.29
2005-01-01,191.6,199.0,48.25,2.96,4.14,3.29,4.62,2.51,3.71,2.28,15844.727,2144,343400.0,95.8801,321272,95.5,5.3,12.82
2005-02-01,192.4,199.4,51.75,3.2,4.36,3.59,4.71,2.76,4.0,2.5,15844.727,2207,311750.0,96.5761,325308,94.1,5.4,12.08
2005-03-01,193.1,200.1,55.31,3.35,4.5,3.8,4.76,2.79,4.18,2.63,15844.727,1864,332000.0,96.4456,326179,92.6,5.2,14.02
2005-04-01,193.7,200.2,49.2,3.33,4.21,3.66,4.53,2.9,3.9,2.79,15922.782,2061,323200.0,96.6532,329124,87.7,5.2,15.31
2005-05-01,193.6,200.5,52.08,3.32,4.0,3.6,4.36,2.99,3.76,3.0,15922.782,2025,327000.0,96.7402,327233,86.9,5.1,13.29
2005-06-01,193.7,200.6,56.63,3.45,3.94,3.66,4.19,3.13,3.72,3.04,15922.782,2068,325750.0,97.1753,337219,96.0,5.0,12.04
2005-07-01,194.9,200.9,60.71,3.8,4.28,4.02,4.42,3.42,4.12,3.26,16047.587,2054,324400.0,96.8676,339529,96.5,5.0,11.57
2005-08-01,196.1,201.1,68.63,3.77,4.02,3.84,4.23,3.52,3.87,3.5,16047.587,2095,315750.0,97.1833,335605,89.1,4.9,12.6
2005-09-01,198.8,201.3,66.21,4.01,4.34,4.18,4.53,3.55,4.18,3.62,16047.587,2151,382750.0,95.3005,336600,76.9,5.0,11.92
2005-10-01,199.1,202.0,59.8,4.31,4.57,4.4,4.73,3.98,4.45,3.78,16136.734,2065,352200.0,96.4572,336753,74.2,5.0,15.32
2005-11-01,198.1,202.5,57.33,4.34,4.49,4.42,4.66,3.95,4.42,4.0,16136.734,2147,317250.0,97.5414,339719,81.6,5.0,12.06
2005-12-01,198.1,202.8,61.06,4.38,4.39,4.41,4.51,4.08,4.35,4.16,16136.734,1994,316400.0,98.0452,339895,91.5,4.9,12.07
2006-01-01,199.3,203.2,67.86,4.58,4.53,4.54,4.69,4.47,4.47,4.29,16353.835,2273,295750.0,98.1999,349664,91.2,4.7,12.95
2006-02-01,199.4,203.6,61.37,4.73,4.55,4.69,4.51,4.62,4.61,4.49,16353.835,2119,290750.0,98.2413,347021,86.7,4.8,12.34
2006-03-01,199.7,204.3,66.25,4.82,4.86,4.82,4.9,4.63,4.82,4.59,16353.835,1969,301750.0,98.4628,348357,88.9,4.7,11.39
2006-04-01,200.7,204.8,71.8,4.9,5.07,4.87,5.17,4.77,4.92,4.79,16396.151,1821,303600.0,98.7618,350072,87.4,4.7,11.59
2006-05-01,201.3,205.4,71.42,5.07,5.12,5.04,5.21,4.86,5.04,4.94,16396.151,1942,332750.0,98.7869,348889,79.1,4.6,16.44
2006-06-01,201.8,205.9,73.94,5.21,5.15,5.16,5.19,5.01,5.1,4.99,16396.151,1802,305500.0,99.0997,350795,84.9,4.6,13.08
2006-07-01,202.9,206.3,74.56,5.11,4.99,4.97,5.07,5.1,4.91,5.24,16420.738,1737,318800.0,99.0489,351916,84.7,4.7,14.95
2006-08-01,203.8,206.8,70.38,5.01,4.74,4.79,4.88,5.05,4.7,5.25,16420.738,1650,314250.0,99.4836,353285,82.0,4.7,12.31
2006-09-01,202.8,207.2,62.9,4.91,4.64,4.71,4.77,4.89,4.59,5.25,16420.738,1720,316200.0,99.3183,351240,85.4,4.5,11.98
2006-10-01,201.9,207.6,58.72,4.99,4.61,4.71,4.72,5.08,4.57,5.25,16561.866,1491,315500.0,99.2044,351035,93.6,4.4,11.1
2006-11-01,202.0,207.8,62.97,4.94,4.46,4.62,4.56,5.03,4.45,5.25,16561.866,1570,326250.0,99.1627,352116,92.1,4.5,10.91
2006-12-01,203.1,208.1,60.85,5.0,4.71,4.82,4.81,5.02,4.7,5.24,16561.866,1649,324000.0,100.1735,356367,91.7,4.4,11.56
2007-01-01,203.437,208.6,58.17,5.09,4.83,4.94,4.93,5.12,4.82,5.25,16611.69,1409,317250.0,99.8346,355792,96.9,4.6,10.42
2007-02-01,204.226,209.135,61.78,4.96,4.56,4.65,4.68,5.16,4.52,5.26,16611.69,1480,322750.0,100.7753,356545,91.3,4.5,15.42
2007-03-01,205.288,209.418,65.94,4.9,4.65,4.58,4.84,5.04,4.54,5.26,16611.69,1495,309400.0,100.9547,359415,88.4,4.4,14.64
2007-04-01,205.904,209.747,65.78,4.89,4.63,4.6,4.81,4.91,4.51,5.25,16713.314,1490,320250.0,101.6334,358562,87.1,4.5,14.22
2007-05-01,206.755,210.058,64.02,4.95,4.9,4.92,5.01,4.73,4.86,5.25,16713.314,1415,304250.0,101.7306,363085,88.3,4.4,13.05
2007-06-01,207.234,210.392,70.47,4.91,5.03,4.87,5.12,4.82,4.92,5.25,16713.314,1448,315200.0,101.7893,360234,85.3,4.6,16.23
2007-07-01,207.603,210.773,78.2,4.85,4.78,4.56,4.92,4.96,4.6,5.26,16809.587,1354,313250.0,101.6672,361770,90.4,4.7,23.52
2007-08-01,207.667,211.119,73.98,4.19,4.54,4.15,4.83,4.01,4.25,5.02,16809.587,1330,320000.0,101.863,363676,83.4,4.6,23.38
2007-09-01,208.547,211.554,81.64,4.05,4.59,3.97,4.83,3.82,4.23,4.94,16809.587,1183,313400.0,102.0894,365178,83.4,4.7,18.0
2007-10-01,209.19,212.077,94.16,4.04,4.48,3.94,4.74,3.94,4.16,4.76,16915.191,1264,328250.0,101.8015,367322,80.9,4.7,18.53
2007-11-01,210.834,212.66,88.6,3.26,3.97,3.04,4.4,3.15,3.41,4.49,16915.191,1197,336000.0,102.3446,370776,76.1,4.7,22.87
2007-12-01,211.445,213.168,95.95,3.34,4.04,3.05,4.45,3.36,3.45,4.24,16915.191,1037,348200.0,102.3803,366569,75.5,5.0,22.5
2008-01-01,212.174,213.771,91.67,2.11,3.67,2.17,4.35,1.96,2.82,3.94,16843.003,1084,338750.0,102.2448,367368,78.4,5.0,26.2
2008-02-01,212.687,213.939,101.78,1.77,3.53,1.65,4.41,1.85,2.5,2.98,16843.003,1103,346750.0,101.8438,364126,70.8,4.9,26.54
2008-03-01,213.448,214.42,101.54,1.55,3.45,1.62,4.3,1.38,2.46,2.61,16843.003,1005,363400.0,101.5336,365164,69.5,5.1,25.61
2008-04-01,213.942,214.56,113.7,1.85,3.77,2.29,4.49,1.43,3.03,2.28,16943.291,1013,359500.0,100.8785,364816,62.6,5.0,20.79
2008-05-01,215.208,214.936,127.35,2.22,4.06,2.66,4.72,1.89,3.41,1.98,16943.291,973,366800.0,100.2674,368255,59.8,5.4,17.83
2008-06-01,217.463,215.424,139.96,2.36,3.99,2.63,4.53,1.9,3.34,2.0,16943.291,1046,383250.0,100.0335,368926,56.4,5.6,23.95
2008-07-01,219.016,215.965,124.17,2.27,3.99,2.52,4.59,1.68,3.25,2.01,16854.295,923,398000.0,99.676,367594,61.2,5.8,22.94
2008-08-01,218.69,216.393,115.55,2.17,3.83,2.36,4.43,1.72,3.1,2.0,16854.295,844,433000.0,98.1111,364611,63.0,6.1,20.65
2008-09-01,218.877,216.713,100.7,1.78,3.85,2.0,4.31,0.92,2.98,1.81,16854.295,820,464000.0,93.7895,358991,70.3,6.1,39.39
2008-10-01,216.995,216.788,68.1,1.34,4.01,1.56,4.35,0.46,2.8,0.97,16485.35,777,475250.0,94.7219,346137,57.6,6.5,59.89
2008-11-01,213.153,216.947,55.21,0.9,2.93,1.0,3.45,0.01,1.93,0.39,16485.35,652,519800.0,93.4715,332498,55.3,6.8,55.84
2008-12-01,211.398,216.925,44.6,0.37,2.25,0.76,2.69,0.11,1.55,0.16,16485.35,560,564000.0,90.8357,324767,60.1,7.3,40.0
2009-01-01,211.933,217.346,41.73,0.51,2.87,0.94,3.58,0.24,1.85,0.15,16298.262,490,572000.0,88.57,329787,61.2,7.8,44.84
2009-02-01,212.705,217.792,44.15,0.72,3.02,1.0,3.71,0.26,1.99,0.22,16298.262,582,644000.0,88.031,328376,56.3,8.3,46.35
2009-03-01,212.495,218.253,49.64,0.57,2.71,0.81,3.56,0.21,1.67,0.18,16298.262,505,659250.0,86.6528,322634,57.3,8.7,44.14
2009-04-01,212.709,218.706,50.35,0.49,3.16,0.91,4.05,0.14,2.02,0.15,16269.145,478,627750.0,85.9344,324323,65.1,9.0,36.5
2009-05-01,213.022,218.904,66.31,0.47,3.47,0.92,4.34,0.14,2.34,0.18,16269.145,540,612000.0,85.0665,327011,68.7,9.4,28.92
2009-06-01,214.79,219.112,69.82,0.56,3.53,1.11,4.32,0.19,2.54,0.21,16269.145,585,598250.0,84.7459,332227,70.8,9.5,26.35
2009-07-01,214.726,219.263,69.26,0.48,3.52,1.13,4.31,0.18,2.53,0.16,16326.281,594,566500.0,85.7027,333670,66.0,9.5,25.92
2009-08-01,215.445,219.496,69.97,0.43,3.4,0.97,4.18,0.15,2.39,0.16,16326.281,586,559200.0,86.6426,339586,65.7,9.6,26.01
2009-09-01,215.861,219.92,70.46,0.4,3.31,0.95,4.03,0.14,2.31,0.15,16326.281,585,547500.0,87.4063,330998,73.5,9.8,25.61
2009-10-01,216.509,220.501,77.04,0.37,3.41,0.9,4.23,0.05,2.31,0.12,16502.754,534,525400.0,87.6419,334595,70.6,10.0,30.69
2009-11-01,217.234,220.666,77.19,0.27,3.21,0.67,4.2,0.06,2.01,0.12,16502.754,588,494000.0,88.0221,337321,67.4,9.9,24.51
2009-12-01,217.347,220.881,79.39,0.47,3.85,1.14,4.63,0.06,2.69,0.12,16502.754,581,485500.0,88.3793,338736,72.5,9.9,21.68
2010-01-01,217.488,220.633,72.85,0.3,3.63,0.82,4.51,0.08,2.34,0.11,16582.71,614,479800.0,89.3426,339093,74.4,9.8,24.62
2010-02-01,217.281,220.731,79.72,0.32,3.61,0.81,4.55,0.13,2.3,0.13,16582.71,604,485750.0,89.6779,339580,73.6,9.8,19.5
2010-03-01,217.353,220.783,83.45,0.41,3.84,1.02,4.72,0.16,2.55,0.16,16582.71,636,470250.0,90.2928,346974,73.6,9.9,17.59
2010-04-01,217.403,220.822,86.07,0.41,3.69,0.97,4.53,0.16,2.43,0.2,16743.162,687,469000.0,90.5991,349869,72.2,9.9,22.05
2010-05-01,217.29,220.962,74.0,0.34,3.31,0.76,4.22,0.16,2.1,0.2,16743.162,583,459400.0,91.823,346858,73.6,9.6,32.07
2010-06-01,217.199,221.194,75.59,0.32,2.97,0.61,3.91,0.18,1.79,0.18,16743.162,536,460500.0,91.9928,346516,76.0,9.4,34.54
2010-07-01,217.605,221.363,78.85,0.29,2.94,0.55,3.98,0.15,1.6,0.18,16872.266,546,459200.0,92.3421,347612,67.8,9.4,23.5
2010-08-01,217.923,221.509,71.93,0.25,2.47,0.47,3.52,0.14,1.33,0.19,16872.266,599,475000.0,92.6805,349188,68.9,9.5,26.05
2010-09-01,218.275,221.711,79.95,0.27,2.53,0.42,3.69,0.16,1.27,0.19,16872.266,594,453500.0,92.9537,352179,68.2,9.5,23.7
2010-10-01,219.035,221.83,81.45,0.22,2.63,0.34,3.99,0.12,1.17,0.19,16960.864,543,446800.0,92.6903,356215,67.7,9.4,21.2
2010-11-01,219.59,222.149,84.12,0.27,2.81,0.45,4.12,0.17,1.47,0.19,16960.864,545,426250.0,92.7709,359450,71.6,9.8,23.54
2010-12-01,220.472,222.343,91.38,0.29,3.3,0.61,4.34,0.12,2.01,0.18,16960.864,539,420250.0,93.6787,361979,74.5,9.3,17.75
2011-01-01,221.187,222.803,90.99,0.26,3.42,0.58,4.58,0.15,1.95,0.17,16920.632,630,426800.0,93.4814,364394,74.2,9.1,19.53
2011-02-01,221.898,223.213,97.1,0.25,3.42,0.69,4.49,0.15,2.13,0.16,16920.632,517,401500.0,93.1102,367475,77.5,9.0,18.35
2011-03-01,223.046,223.454,106.19,0.3,3.47,0.8,4.51,0.09,2.24,0.14,16920.632,600,406000.0,94.0788,370775,67.5,9.0,17.74
2011-04-01,224.093,223.727,113.39,0.22,3.32,0.61,4.4,0.04,1.97,0.1,17035.114,554,420600.0,93.7749,372820,69.8,9.1,14.75
2011-05-01,224.806,224.175,102.7,0.18,3.05,0.45,4.22,0.06,1.68,0.09,17035.114,561,422500.0,93.888,372505,74.3,9.0,15.45
2011-06-01,224.806,224.697,95.3,0.19,3.18,0.45,4.38,0.03,1.76,0.09,17035.114,608,418250.0,94.172,375587,71.5,9.1,16.52
2011-07-01,225.395,225.218,95.68,0.2,2.82,0.36,4.12,0.1,1.35,0.07,17031.313,623,412600.0,94.636,375442,63.7,9.0,25.25
2011-08-01,226.106,225.862,88.81,0.1,2.23,0.2,3.6,0.02,0.96,0.1,17031.313,585,409500.0,95.2749,375860,55.8,9.0,31.62
2011-09-01,226.597,226.118,78.93,0.13,1.92,0.25,2.9,0.02,0.96,0.08,17031.313,650,417750.0,95.1961,380042,59.5,9.0,42.96
2011-10-01,226.75,226.506,93.19,0.12,2.17,0.25,3.16,0.01,0.99,0.07,17222.583,610,402400.0,95.8568,382207,60.8,8.8,29.96
2011-11-01,227.169,226.899,100.36,0.12,2.08,0.25,3.06,0.01,0.96,0.08,17222.583,711,389250.0,95.8485,383422,63.7,8.6,27.8
2011-12-01,227.223,227.405,98.83,0.12,1.89,0.25,2.89,0.02,0.83,0.07,17222.583,694,377000.0,96.3571,383985,69.9,8.5,23.4
2012-01-01,227.842,227.877,98.46,0.13,1.83,0.22,2.94,0.06,0.71,0.08,17367.01,723,377750.0,96.9318,387531,75.0,8.3,19.44
2012-02-01,228.329,228.034,107.08,0.18,1.98,0.3,3.08,0.08,0.87,0.1,17367.01,704,363250.0,97.2435,392310,75.3,8.3,18.43
2012-03-01,228.807,228.478,103.03,0.19,2.23,0.33,3.35,0.07,1.04,0.13,17367.01,695,366600.0,96.74,393698,76.2,8.2,15.5
2012-04-01,229.187,228.905,104.89,0.2,1.95,0.27,3.12,0.1,0.82,0.14,17444.525,753,381750.0,97.4359,392073,76.4,8.2,17.15
2012-05-01,228.713,229.224,86.52,0.18,1.59,0.27,2.67,0.07,0.67,0.16,17444.525,708,373500.0,97.6609,391376,79.3,8.2,24.06
2012-06-01,228.524,229.623,85.04,0.21,1.67,0.33,2.76,0.09,0.72,0.16,17444.525,757,379200.0,97.6663,387901,73.2,8.2,17.08
2012-07-01,228.59,229.97,88.08,0.16,1.51,0.23,2.56,0.11,0.6,0.16,17469.65,740,372500.0,97.8713,389686,72.3,8.2,18.93
2012-08-01,229.918,230.233,96.47,0.16,1.57,0.22,2.68,0.09,0.59,0.13,17469.65,754,373250.0,97.4525,394524,74.3,8.1,17.47
2012-09-01,231.015,230.659,92.18,0.17,1.65,0.23,2.82,0.1,0.62,0.14,17469.65,847,381800.0,97.381,397681,78.3,7.8,15.73
2012-10-01,231.638,231.024,86.23,0.18,1.72,0.3,2.85,0.11,0.72,0.16,17489.852,915,368500.0,97.7193,397494,82.6,7.8,18.6
2012-11-01,231.249,231.33,88.54,0.18,1.62,0.25,2.81,0.08,0.61,0.16,17489.852,833,401250.0,98.0777,399708,82.7,7.7,15.87
2012-12-01,231.221,231.725,91.83,0.16,1.78,0.25,2.95,0.05,0.72,0.16,17489.852,976,359000.0,98.3101,401093,72.9,7.9,18.02
2013-01-01,231.679,232.229,97.65,0.15,2.02,0.27,3.17,0.07,0.88,0.14,17662.4,888,353000.0,98.3342,404434,73.8,8.0,14.28
2013-02-01,232.937,232.569,92.03,0.17,1.89,0.25,3.1,0.11,0.77,0.15,17662.4,962,353000.0,98.7941,409118,77.6,7.7,15.51
2013-03-01,232.282,232.794,97.24,0.14,1.87,0.25,3.1,0.07,0.77,0.14,17662.4,1010,351800.0,99.1921,406223,78.6,7.5,12.7
2013-04-01,231.797,232.832,93.22,0.11,1.7,0.22,2.88,0.05,0.68,0.15,17709.671,835,347250.0,99.1065,404231,76.4,7.6,13.52
2013-05-01,231.893,232.996,91.93,0.14,2.16,0.3,3.3,0.04,1.05,0.11,17709.671,930,347750.0,99.1839,406677,84.5,7.5,16.3
2013-06-01,232.445,233.35,96.36,0.15,2.52,0.36,3.52,0.04,1.41,0.09,17709.671,839,344600.0,99.3897,407921,84.1,7.5,16.86
2013-07-01,232.9,233.88,105.1,0.11,2.6,0.31,3.64,0.04,1.38,0.09,17860.45,880,346000.0,99.0814,410268,85.1,7.3,13.45
2013-08-01,233.456,234.336,107.98,0.13,2.78,0.39,3.7,0.03,1.62,0.08,17860.45,917,333400.0,99.6543,409691,82.1,7.2,17.01
2013-09-01,233.544,234.7,102.36,0.1,2.64,0.33,3.69,0.02,1.39,0.08,17860.45,850,314000.0,100.161,410044,77.5,7.2,16.6
2013-10-01,233.669,234.921,96.29,0.1,2.57,0.31,3.63,0.04,1.31,0.09,18016.147,925,358500.0,100.082,411399,73.2,7.2,13.75
2013-11-01,234.1,235.359,92.55,0.13,2.75,0.28,3.82,0.06,1.37,0.08,18016.147,1100,328200.0,100.3158,412561,75.1,6.9,13.7
2013-12-01,234.719,235.759,98.17,0.13,3.04,0.38,3.96,0.07,1.75,0.09,18016.147,1002,346000.0,100.5175,414812,82.5,6.7,13.72
2014-01-01,235.288,235.961,97.55,0.1,2.67,0.34,3.61,0.02,1.49,0.07,17953.974,888,326750.0,100.1599,411561,81.2,6.6,18.41
2014-02-01,235.547,236.185,102.88,0.12,2.66,0.33,3.59,0.05,1.51,0.07,17953.974,944,335250.0,100.9168,416736,81.6,6.7,14.0
2014-03-01,236.028,236.625,101.57,0.13,2.73,0.44,3.56,0.05,1.73,0.08,17953.974,970,321000.0,101.8942,421230,80.0,6.7,13.88
2014-04-01,236.468,237.072,100.07,0.11,2.67,0.42,3.47,0.03,1.69,0.09,18185.911,1043,322750.0,101.9928,425546,84.1,6.2,13.41
2014-05-01,236.918,237.529,103.4,0.1,2.48,0.37,3.33,0.04,1.54,0.09,18185.911,1007,313800.0,102.3836,426253,81.9,6.3,11.4
2014-06-01,237.231,237.837,106.07,0.11,2.53,0.47,3.34,0.04,1.62,0.1,18185.911,911,313500.0,102.735,427305,82.5,6.1,11.57
2014-07-01,237.498,238.195,98.23,0.12,2.58,0.53,3.32,0.03,1.76,0.09,18406.941,1085,301750.0,102.9632,428079,81.8,6.2,16.95
2014-08-01,237.46,238.405,97.86,0.09,2.35,0.48,3.09,0.03,1.63,0.09,18406.941,984,302000.0,102.7688,431379,82.5,6.1,11.98
2014-09-01,237.477,238.786,91.17,0.13,2.52,0.58,3.21,0.02,1.78,0.09,18406.941,1023,295000.0,103.0641,430189,84.6,5.9,16.31
2014-10-01,237.43,239.191,80.53,0.11,2.35,0.5,3.07,0.01,1.62,0.09,18500.031,1074,288750.0,103.0764,431903,86.9,5.7,14.03
2014-11-01,236.983,239.458,65.94,0.13,2.18,0.47,2.89,0.02,1.49,0.09,18500.031,1001,291600.0,103.7126,433113,88.8,5.8,13.33
2014-12-01,236.252,239.584,53.45,0.25,2.17,0.67,2.75,0.04,1.65,0.12,18500.031,1073,284500.0,103.7044,430110,93.6,5.6,19.2
2015-01-01,234.747,239.811,47.79,0.18,1.68,0.47,2.25,0.02,1.18,0.11,18666.621,1085,287600.0,102.8905,428208,98.1,5.7,20.97
2015-02-01,235.342,240.172,49.84,0.22,2.0,0.63,2.6,0.02,1.5,0.11,18666.621,886,301250.0,102.2335,427119,95.4,5.5,13.34
2015-03-01,235.976,240.755,47.72,0.26,1.94,0.56,2.54,0.03,1.37,0.11,18666.621,960,284000.0,101.8914,433647,93.0,5.4,15.29
2015-04-01,236.222,241.346,59.62,0.24,2.05,0.58,2.75,0.01,1.43,0.12,18782.243,1190,286000.0,101.3355,434470,95.9,5.4,14.55
2015-05-01,237.001,241.688,60.25,0.26,2.12,0.61,2.88,0.01,1.49,0.12,18782.243,1079,274000.0,100.8883,437865,90.7,5.6,13.84
2015-06-01,237.657,242.064,59.48,0.28,2.35,0.64,3.11,0.01,1.63,0.13,18782.243,1205,273750.0,100.571,437951,96.1,5.3,18.23
2015-07-01,238.034,242.565,47.11,0.33,2.2,0.67,2.92,0.08,1.54,0.13,18857.418,1146,277750.0,101.2228,441942,93.1,5.2,12.12
2015-08-01,238.033,242.817,49.2,0.39,2.21,0.74,2.95,0.08,1.54,0.14,18857.418,1130,275200.0,101.0367,441849,91.9,5.1,28.43
2015-09-01,237.498,243.316,45.06,0.33,2.06,0.64,2.87,0.0,1.37,0.14,18857.418,1224,269500.0,100.7547,439867,87.2,5.0,24.5
2015-10-01,237.733,243.768,46.6,0.34,2.16,0.75,2.93,0.08,1.52,0.12,18892.206,1058,267000.0,100.2675,438693,90.0,5.0,15.07
2015-11-01,238.017,244.241,40.43,0.51,2.21,0.94,2.98,0.22,1.65,0.12,18892.206,1172,268500.0,99.5298,440303,91.3,5.1,16.13
2015-12-01,237.761,244.547,37.13,0.65,2.27,1.06,3.01,0.16,1.76,0.24,18892.206,1146,271000.0,99.0417,442149,92.6,5.0,18.21
2016-01-01,237.652,244.955,33.66,0.47,1.94,0.76,2.75,0.33,1.33,0.34,19001.69,1092,279600.0,99.5607,439466,92.0,4.8,20.2
2016-02-01,237.336,245.51,32.74,0.62,1.74,0.78,2.61,0.33,1.22,0.38,19001.69,1225,266750.0,99.0445,443117,91.7,4.9,20.55
2016-03-01,238.08,245.913,36.94,0.59,1.78,0.73,2.61,0.21,1.21,0.36,19001.69,1111,263250.0,98.3096,441856,91.0,5.0,13.95
2016-04-01,238.992,246.551,45.98,0.56,1.83,0.77,2.66,0.22,1.28,0.37,19062.709,1163,266000.0,98.6421,444254,89.0,5.1,15.7
2016-05-01,239.557,247.137,49.1,0.68,1.84,0.87,2.64,0.34,1.37,0.37,19062.709,1148,274500.0,98.4184,445490,94.7,4.8,14.19
2016-06-01,240.222,247.54,48.27,0.45,1.49,0.58,2.3,0.26,1.01,0.38,19062.709,1203,265250.0,98.8833,450237,93.5,4.9,15.63
2016-07-01,240.101,247.829,41.54,0.5,1.46,0.67,2.18,0.28,1.03,0.39,19197.938,1239,259400.0,98.9992,449789,90.0,4.8,11.87
2016-08-01,240.545,248.423,44.68,0.61,1.58,0.8,2.23,0.33,1.19,0.4,19197.938,1171,263500.0,98.85,449946,89.8,4.9,13.42
2016-09-01,241.176,248.842,47.72,0.59,1.6,0.77,2.32,0.29,1.14,0.4,19197.938,1068,251500.0,98.7457,453056,91.2,5.0,13.29
2016-10-01,241.741,249.142,46.83,0.66,1.84,0.86,2.58,0.34,1.31,0.4,19304.352,1313,255800.0,98.7611,453847,87.2,4.9,17.06
2016-11-01,242.026,249.481,49.41,0.8,2.37,1.11,3.02,0.48,1.83,0.41,19304.352,1140,245750.0,98.3491,453892,93.8,4.7,13.33
2016-12-01,242.637,249.92,53.75,0.85,2.45,1.2,3.06,0.51,1.93,0.54,19304.352,1252,252200.0,99.0214,459305,98.2,4.7,14.04
2017-01-01,243.618,250.467,52.75,0.84,2.45,1.19,3.05,0.52,1.9,0.65,19398.343,1190,244000.0,98.7611,464412,98.5,4.7,11.99
2017-02-01,244.006,250.998,54.0,0.88,2.36,1.22,2.97,0.53,1.89,0.66,19398.343,1271,230250.0,98.3646,464284,96.3,4.6,12.92
2017-03-01,243.892,250.944,50.54,1.03,2.4,1.27,3.02,0.76,1.93,0.79,19398.343,1190,233750.0,99.0137,463674,96.9,4.4,12.37
2017-04-01,244.193,251.227,49.31,1.07,2.29,1.28,2.96,0.8,1.81,0.9,19506.949,1146,227800.0,100.0224,465276,97.0,4.4,10.82
2017-05-01,244.004,251.43,48.29,1.17,2.21,1.28,2.87,0.98,1.75,0.91,19506.949,1157,239000.0,100.1408,462754,97.1,4.4,10.41
2017-06-01,244.163,251.746,46.02,1.24,2.31,1.38,2.84,1.03,1.89,1.04,19506.949,1249,248000.0,100.3471,465130,95.0,4.3,11.18
2017-07-01,244.243,251.985,50.21,1.23,2.3,1.34,2.89,1.07,1.84,1.15,19660.766,1206,250800.0,100.1068,465089,93.4,4.3,10.26
2017-08-01,245.183,252.535,47.26,1.23,2.12,1.33,2.73,1.01,1.7,1.16,19660.766,1159,247750.0,99.6925,466020,96.8,4.4,10.59
2017-09-01,246.435,252.812,51.67,1.31,2.33,1.47,2.86,1.06,1.92,1.15,19660.766,1181,272400.0,99.7954,475724,95.1,4.3,9.51
2017-10-01,246.626,253.526,54.36,1.43,2.38,1.6,2.88,1.15,2.01,1.15,19882.352,1257,242250.0,101.0247,476107,100.7,4.2,10.18
2017-11-01,247.284,253.816,57.4,1.62,2.42,1.78,2.83,1.27,2.14,1.16,19882.352,1273,247750.0,101.2664,480949,98.5,4.2,11.28
2017-12-01,247.805,254.344,60.46,1.76,2.4,1.89,2.74,1.39,2.2,1.3,19882.352,1177,242600.0,101.4644,483586,95.9,4.1,11.04
2018-01-01,248.859,255.204,64.82,1.9,2.72,2.14,2.95,1.46,2.52,1.41,20044.077,1299,235250.0,101.4625,481414,95.7,4.0,13.54
2018-02-01,249.529,255.711,61.43,2.07,2.87,2.25,3.13,1.65,2.65,1.42,20044.077,1277,221000.0,101.7085,484031,99.7,4.1,19.85
2018-03-01,249.577,256.271,64.87,2.09,2.74,2.27,2.97,1.73,2.56,1.51,20044.077,1318,225800.0,102.2067,484110,101.4,4.0,19.97
2018-04-01,250.227,256.63,68.56,2.24,2.95,2.49,3.11,1.87,2.79,1.69,20150.476,1276,221500.0,103.3329,484154,98.8,4.0,15.93
2018-05-01,250.792,257.145,66.98,2.23,2.83,2.4,3.0,1.93,2.68,1.7,20150.476,1357,221250.0,102.4024,491960,98.0,3.8,15.43
2018-06-01,251.018,257.399,74.13,2.33,2.85,2.52,2.98,1.93,2.73,1.82,20150.476,1192,222600.0,103.198,490228,98.2,4.0,16.09
2018-07-01,251.214,257.699,69.88,2.44,2.96,2.67,3.08,2.03,2.85,1.91,20276.154,1208,209500.0,103.3646,493142,97.9,3.8,12.83
2018-08-01,251.663,257.891,69.84,2.46,2.86,2.62,3.02,2.11,2.74,1.91,20276.154,1288,208500.0,104.0327,493445,96.2,3.8,12.86
2018-09-01,252.182,258.368,73.16,2.59,3.05,2.81,3.19,2.19,2.94,1.95,20276.154,1250,205200.0,104.1004,491507,100.1,3.7,12.12
2018-10-01,252.772,258.917,65.31,2.69,3.15,2.87,3.39,2.34,2.98,2.19,20304.874,1221,213000.0,103.9856,496416,98.6,3.8,21.23
2018-11-01,252.594,259.439,50.78,2.7,3.01,2.8,3.3,2.37,2.84,2.2,20304.874,1181,225250.0,104.0681,498854,97.5,3.8,18.07
2018-12-01,252.767,260.063,45.15,2.63,2.69,2.48,3.02,2.45,2.51,2.27,20304.874,1095,224600.0,104.0936,489113,98.3,3.9,25.42
2019-01-01,252.561,260.766,53.84,2.55,2.63,2.45,2.99,2.41,2.43,2.4,20431.641,1226,222750.0,103.4021,490440,91.2,4.0,16.57
2019-02-01,253.319,261.186,57.21,2.54,2.73,2.52,3.09,2.45,2.52,2.4,20431.641,1121,222500.0,102.8371,491751,93.8,3.8,14.78
2019-03-01,254.277,261.567,60.19,2.4,2.41,2.27,2.81,2.4,2.23,2.41,20431.641,1191,211800.0,102.8757,499292,98.4,3.8,13.71
2019-04-01,255.233,261.997,63.83,2.39,2.51,2.27,2.93,2.43,2.28,2.42,20602.275,1272,209750.0,102.274,499343,97.2,3.7,13.12
2019-05-01,255.296,262.217,53.49,2.21,2.14,1.95,2.58,2.35,1.93,2.39,20602.275,1293,218500.0,102.392,504741,100.0,3.6,18.71
2019-06-01,255.213,262.739,58.2,1.92,2.0,1.75,2.52,2.12,1.76,2.38,20602.275,1243,225200.0,102.4375,505251,98.2,3.6,15.08
2019-07-01,255.802,263.28,58.53,2.0,2.02,1.89,2.53,2.08,1.84,2.4,20843.322,1240,208500.0,101.9408,509091,98.4,3.7,16.12
2019-08-01,256.036,263.877,55.07,1.76,1.5,1.5,1.96,1.99,1.39,2.13,20843.322,1375,211000.0,102.639,512561,89.8,3.6,18.98
2019-09-01,256.43,264.388,54.09,1.75,1.68,1.63,2.12,1.88,1.55,2.04,20843.322,1311,209500.0,102.2917,509282,93.2,3.5,16.24
2019-10-01,257.155,264.97,54.02,1.53,1.69,1.52,2.17,1.54,1.51,1.83,20985.448,1325,212250.0,101.4281,510648,95.5,3.6,13.22
2019-11-01,257.879,265.548,58.12,1.6,1.78,1.61,2.21,1.59,1.62,1.55,20985.448,1353,224400.0,101.9372,514215,96.8,3.6,12.62
2019-12-01,258.63,266.02,61.14,1.59,1.92,1.58,2.39,1.55,1.69,1.55,20985.448,1548,236000.0,101.7003,515866,99.3,3.6,13.78
2020-01-01,259.127,266.716,51.58,1.45,1.51,1.33,1.99,1.55,1.32,1.55,20709.212,1581,215500.0,101.0338,515119,99.8,3.6,18.84
2020-02-01,259.25,267.37,44.83,0.97,1.13,0.86,1.65,1.27,0.89,1.58,20709.212,1549,210200.0,101.3735,515330,101.0,3.5,40.11
2020-03-01,258.076,267.054,20.51,0.17,0.7,0.23,1.35,0.11,0.37,0.65,20709.212,1266,2335250.0,97.4078,468324,89.1,4.4,53.54
2020-04-01,256.032,265.746,19.23,0.16,0.64,0.2,1.28,0.09,0.36,0.05,19077.992,936,4663250.0,84.5619,401028,71.8,14.8,34.15
2020-05-01,255.802,265.412,35.57,0.17,0.65,0.16,1.41,0.14,0.3,0.05,19077.992,1039,2173400.0,85.9604,478449,72.3,13.2,27.51
2020-06-01,257.042,265.849,39.27,0.16,0.66,0.16,1.41,0.16,0.29,0.08,19077.992,1266,1490250.0,91.5934,518038,78.1,11.0,30.43
2020-07-01,258.352,267.389,40.1,0.11,0.55,0.11,1.2,0.09,0.21,0.09,20558.879,1526,1383500.0,95.0256,526304,72.5,10.2,24.46
2020-08-01,259.316,268.422,42.61,0.12,0.72,0.14,1.49,0.11,0.28,0.1,20558.879,1396,922400.0,95.9549,530735,74.1,8.4,26.41
2020-09-01,259.997,268.933,40.05,0.12,0.69,0.13,1.46,0.1,0.28,0.09,20558.879,1473,851750.0,95.9669,541302,80.4,7.8,26.37
2020-10-01,260.319,269.306,35.64,0.13,0.88,0.14,1.65,0.09,0.38,0.09,20791.917,1543,795400.0,96.7394,539114,81.8,6.9,38.02
2020-11-01,260.911,269.981,45.2,0.11,0.84,0.16,1.58,0.08,0.36,0.09,20791.917,1543,751250.0,97.0816,533941,76.9,6.7,20.57
2020-12-01,262.045,270.341,48.35,0.1,0.93,0.13,1.65,0.09,0.36,0.09,20791.917,1614,836750.0,98.363,538548,80.7,6.7,22.75
2021-01-01,262.687,270.387,52.16,0.1,1.11,0.11,1.87,0.06,0.45,0.09,21082.134,1624,827800.0,98.8822,559230,79.0,6.4,33.09
2021-02-01,263.579,270.793,61.55,0.08,1.44,0.14,2.17,0.04,0.75,0.08,21082.134,1398,755000.0,95.6149,544891,76.8,6.2,27.95
2021-03-01,264.961,271.459,59.19,0.07,1.74,0.16,2.41,0.03,0.92,0.07,21082.134,1688,669250.0,98.3856,603581,84.9,6.1,19.4
2021-04-01,266.614,273.66,63.5,0.05,1.65,0.16,2.3,0.01,0.86,0.07,21440.929,1489,589000.0,98.5587,608961,88.3,6.1,18.61
2021-05-01,268.383,275.465,66.31,0.05,1.58,0.14,2.26,0.01,0.79,0.06,21440.929,1600,469200.0,99.4333,605282,82.9,5.8,16.76
2021-06-01,270.654,277.651,73.52,0.07,1.45,0.25,2.06,0.05,0.87,0.08,21440.929,1664,409500.0,99.7987,611950,85.5,5.9,15.83
2021-07-01,271.903,278.648,73.93,0.07,1.24,0.19,1.89,0.06,0.69,0.1,21617.828,1600,370000.0,100.2519,601817,81.2,5.4,18.24
2021-08-01,272.676,278.997,68.43,0.07,1.3,0.2,1.92,0.04,0.77,0.09,21617.828,1596,359750.0,100.0437,605533,70.3,5.1,16.48
2021-09-01,273.91,279.698,75.22,0.09,1.52,0.28,2.08,0.04,0.98,0.08,21617.828,1576,354750.0,98.8579,609671,72.8,4.7,23.14
2021-10-01,276.55,281.668,83.5,0.15,1.55,0.48,1.93,0.05,1.18,0.08,21988.737,1587,284400.0,100.1861,618573,71.7,4.5,16.26
2021-11-01,278.919,283.406,66.14,0.24,1.43,0.52,1.78,0.05,1.14,0.08,21988.737,1707,236500.0,100.8654,624874,67.4,4.1,27.19
2021-12-01,280.845,285.18,75.33,0.39,1.52,0.73,1.9,0.06,1.26,0.08,21988.737,1711,216250.0,100.5726,619938,70.6,3.9,17.22
2022-01-01,282.543,286.757,89.16,0.78,1.79,1.18,2.11,0.22,1.62,0.08,21932.71,1693,239200.0,100.1856,631509,67.2,4.0,24.83
2022-02-01,284.5,288.273,96.13,1.01,1.83,1.44,2.17,0.35,1.71,0.08,21932.71,1730,219000.0,100.8064,638101,62.8,3.9,30.15
2022-03-01,287.674,289.056,100.53,1.63,2.32,2.28,2.44,0.52,2.42,0.2,21932.71,1700,215000.0,101.3907,651027,59.4,3.7,20.56
2022-04-01,288.561,290.514,104.59,2.1,2.89,2.7,2.96,0.85,2.92,0.33,21967.045,1807,213000.0,101.44,660194,65.2,3.7,33.4
2022-05-01,291.298,292.063,114.38,2.08,2.85,2.53,3.07,1.16,2.81,0.77,21967.045,1546,209750.0,101.3335,659847,58.4,3.6,26.19
2022-06-01,294.957,294.05,107.76,2.8,2.98,2.92,3.14,1.72,3.01,1.21,21967.045,1556,212500.0,101.018,666113,50.0,3.6,28.71
2022-07-01,294.913,295.088,101.31,2.98,2.67,2.89,3.0,2.41,2.7,1.68,22125.625,1382,218200.0,101.223,659550,51.5,3.5,21.33
2022-08-01,295.097,296.535,90.09,3.5,3.15,3.45,3.27,2.96,3.3,2.33,22125.625,1532,216500.0,101.0963,663566,58.2,3.6,25.87
2022-09-01,296.349,298.226,79.91,4.05,3.83,4.22,3.79,3.33,4.06,2.56,22125.625,1481,197500.0,101.2918,661854,58.6,3.5,31.62
2022-10-01,298.007,299.399,86.54,4.66,4.1,4.51,4.22,4.22,4.27,3.08,22278.345,1446,202600.0,101.2529,668671,59.9,3.6,25.88
2022-11-01,298.786,300.325,80.48,4.74,3.68,4.38,3.8,4.37,3.82,3.78,22278.345,1434,210750.0,100.9552,659458,56.7,3.6,20.58
2022-12-01,298.832,301.394,80.16,4.73,3.88,4.41,3.97,4.42,3.99,4.1,22278.345,1296,208200.0,99.7664,651763,59.8,3.5,21.67
2023-01-01,300.42,302.642,78.95,4.68,3.52,4.21,3.65,4.7,3.63,4.33,22439.607,1358,204500.0,100.505,680253,64.9,3.5,19.4
2023-02-01,301.45,304.123,76.88,5.02,3.92,4.81,3.93,4.88,4.18,4.57,22439.607,1395,214750.0,100.6416,672152,66.9,3.6,20.7
2023-03-01,301.821,305.147,75.68,4.64,3.48,4.06,3.67,4.85,3.6,4.65,22439.607,1366,229000.0,101.0205,665071,62.0,3.5,18.7
2023-04-01,302.845,306.534,76.78,4.8,3.44,4.04,3.67,5.1,3.51,4.83,22580.499,1343,216400.0,101.253,670494,63.7,3.4,15.78
2023-05-01,303.334,307.652,68.11,5.18,3.64,4.4,3.85,5.52,3.74,5.06,22580.499,1609,226000.0,100.9286,673902,59.0,3.6,17.94
2023-06-01,304.014,308.322,70.66,5.4,3.81,4.87,3.85,5.43,4.13,5.08,22580.499,1420,250750.0,100.1196,677117,64.2,3.6,13.59
2023-07-01,304.609,308.96,81.8,5.37,3.97,4.88,4.02,5.55,4.18,5.12,22840.989,1464,235200.0,100.9067,678424,71.5,3.5,13.63
2023-08-01,306.082,309.58,83.55,5.37,4.09,4.85,4.2,5.56,4.23,5.33,22840.989,1321,245000.0,100.8393,684755,69.4,3.7,13.57
2023-09-01,307.276,310.539,90.77,5.46,4.59,5.03,4.73,5.55,4.6,5.33,22840.989,1369,218600.0,101.0211,689403,67.8,3.7,17.52
2023-10-01,307.696,311.457,81.64,5.44,4.88,5.07,5.04,5.59,4.82,5.33,23033.78,1380,210250.0,100.4689,686148,63.8,3.9,18.14
2023-11-01,308.148,312.392,75.66,5.16,4.37,4.73,4.54,5.45,4.31,5.33,23033.78,1522,218000.0,100.8639,685328,61.3,3.7,12.92
2023-12-01,308.741,313.195,71.89,4.79,3.88,4.23,4.03,5.4,3.84,5.33,23033.78,1504,207800.0,100.6031,686277,69.7,3.8,12.45
2024-01-01,309.698,314.319,76.28,4.73,3.99,4.27,4.22,5.42,3.91,5.33,23082.119,1378,211500.0,99.2223,680456,79.0,3.7,14.35
2024-02-01,310.967,315.564,79.22,5.01,4.25,4.64,4.38,5.45,4.26,5.33,23082.119,1555,210000.0,100.285,685280,76.9,3.9,13.4
2024-03-01,312.345,316.792,83.96,5.03,4.2,4.59,4.34,5.46,4.21,5.33,23082.119,1297,215200.0,100.4575,687641,79.4,3.9,13.01
2024-04-01,313.023,317.649,83.49,5.25,4.69,5.04,4.79,5.46,4.72,5.33,23286.508,1379,210250.0,100.2434,687602,77.2,3.9,15.65
2024-05-01,313.175,318.095,77.97,5.18,4.51,4.89,4.65,5.46,4.52,5.33,23286.508,1329,222000.0,100.863,692774,69.1,3.9,12.92
2024-06-01,313.044,318.39,82.83,5.09,4.36,4.71,4.51,5.48,4.33,5.33,23286.508,1318,234800.0,100.894,692449,68.2,4.1,12.44
2024-07-01,313.569,318.94,79.36,4.73,4.09,4.29,4.35,5.41,3.97,5.33,23478.57,1269,237250.0,99.9757,698835,66.4,4.2,16.36
2024-08-01,314.062,319.75,74.52,4.38,3.91,3.91,4.2,5.21,3.71,5.33,23478.57,1394,230600.0,100.4309,697039,67.9,4.2,15.0
2024-09-01,314.732,320.732,68.75,3.98,3.81,3.66,4.14,4.73,3.58,5.13,23478.57,1357,224500.0,99.8084,703055,70.1,4.1,16.73
2024-10-01,315.631,321.731,69.58,4.27,4.28,4.16,4.47,4.64,4.15,4.83,23586.542,1370,236250.0,99.4695,708290,70.5,4.1,23.16
2024-11-01,316.528,322.657,68.26,4.3,4.18,4.13,4.36,4.58,4.05,4.64,23586.542,1300,219200.0,99.2925,711853,71.8,4.2,13.51
2024-12-01,317.604,323.259,72.44,4.16,4.58,4.25,4.78,4.37,4.38,4.48,23586.542,1494,222750.0,100.3273,717265,74.0,4.1,17.35
2025-01-01,318.961,324.638,72.84,4.17,4.58,4.22,4.83,4.31,4.36,4.33,23548.21,1353,215000.0,100.0647,711260,71.7,4.0,16.43
2025-02-01,319.679,325.465,69.97,4.08,4.24,3.99,4.51,4.32,4.03,4.33,23548.21,1491,225000.0,101.0993,711575,64.7,4.2,19.63
2025-03-01,319.785,325.69,71.87,4.03,4.23,3.89,4.59,4.32,3.96,4.33,23548.21,1346,223000.0,101.0404,723339,57.0,4.2,22.28
2025-04-01,320.302,326.467,59.55,3.85,4.17,3.6,4.66,4.31,3.72,4.33,23770.976,1400,225750.0,101.1279,722442,52.2,4.2,24.7
2025-05-01,320.62,326.893,61.46,4.11,4.41,3.89,4.92,4.36,3.96,4.33,23770.976,1289,231800.0,100.9655,714513,52.2,4.3,18.57
2025-06-01,321.435,327.658,66.3,3.96,4.24,3.72,4.78,4.41,3.79,4.33,23770.976,1379,239000.0,101.4785,719484,60.7,4.1,16.73
2025-07-01,322.169,328.682,70.36,4.1,4.37,3.94,4.89,4.41,3.96,4.33,24026.834,1432,221500.0,101.894,727176,61.7,4.3,16.72
2025-08-01,323.291,329.7,64.36,3.83,4.23,3.59,4.92,4.23,3.68,4.33,24026.834,1291,229600.0,101.6247,731700,58.2,4.3,15.36
2025-09-01,324.245,330.418,63.17,3.68,4.16,3.6,4.73,4.02,3.74,4.22,24026.834,1319,234000.0,101.668,732192,55.1,4.4,16.28
